{"stats":{"minecraft:picked_up":{"minecraft:stick":2,"minecraft:crafting_table":3,"minecraft:lilac":1,"minecraft:leather":3,"croptopia:blackberry_seed":1,"minecraft:jungle_wood":2,"croptopia:blackberry":1,"croptopia:calamari":1,"minecraft:gunpowder":2,"minecraft:spruce_sapling":2,"minecraft:ink_sac":4,"minecraft:white_bed":1,"minecraft:spruce_log":18,"minecraft:dirt":3,"minecraft:oak_wood":1,"minecraft:bone":1,"minecraft:arrow":1,"minecraft:mangrove_wood":2,"minecraft:beef":5,"alexsmobs:maggot":2,"minecraft:mutton":8,"minecraft:coal":17,"minecraft:white_wool":7,"minecraft:cobblestone":19},"minecraft:mined":{"minecraft:white_bed":1,"minecraft:lilac":1,"minecraft:spruce_log":18,"minecraft:crafting_table":3,"minecraft:grass":4,"minecraft:grass_block":3,"minecraft:coal_ore":17,"minecraft:spruce_leaves":29,"biomesoplenty:sprout":6,"minecraft:stone":19},"minecraft:custom":{"minecraft:time_since_rest":238,"minecraft:sprint_one_cm":35932,"minecraft:damage_taken":1115,"minecraft:walk_one_cm":171603,"minecraft:mob_kills":13,"minecraft:drop":1,"minecraft:damage_dealt":1736,"minecraft:interact_with_crafting_table":5,"minecraft:fly_one_cm":30833,"minecraft:open_barrel":3,"minecraft:play_time":78614,"minecraft:crouch_one_cm":174,"minecraft:deaths":4,"minecraft:sneak_time":301,"minecraft:walk_under_water_one_cm":8602,"minecraft:boat_one_cm":68130,"minecraft:jump":436,"minecraft:leave_game":7,"minecraft:time_since_death":0,"minecraft:walk_on_water_one_cm":2382,"minecraft:sleep_in_bed":3,"minecraft:total_world_time":78614,"minecraft:interact_with_smoker":6,"minecraft:fall_one_cm":8238},"minecraft:killed_by":{"minecraft:drowned":1},"minecraft:used":{"minecraft:spruce_boat":1,"minecraft:stone_pickaxe":19,"minecraft:mangrove_planks":6,"minecraft:wooden_pickaxe":18,"minecraft:spruce_planks":1,"minecraft:lilac":1,"minecraft:torch":1,"minecraft:stone_axe":29,"minecraft:dirt":3,"minecraft:crafting_table":4,"minecraft:white_bed":2,"tombstone:gift":1,"minecraft:smoker":1},"minecraft:dropped":{"minecraft:wooden_pickaxe":1},"minecraft:crafted":{"minecraft:cooked_beef":5,"minecraft:oak_planks":4,"minecraft:crafting_table":1,"minecraft:spruce_planks":20,"minecraft:stick":8,"minecraft:wooden_pickaxe":1,"minecraft:stone_pickaxe":1,"minecraft:furnace":1,"minecraft:white_bed":1,"minecraft:spruce_boat":1,"minecraft:mangrove_planks":8,"minecraft:torch":8,"minecraft:stone_axe":1,"minecraft:air":0,"minecraft:cooked_mutton":8,"minecraft:smoker":1},"minecraft:killed":{"minecraft:sheep":7,"minecraft:spider":2,"minecraft:creeper":1,"minecraft:cow":3}},"DataVersion":3465}