{"stats":{"minecraft:killed":{"minecraft:pig":5,"minecraft:salmon":7,"minecraft:spider":1,"minecraft:sheep":5,"minecraft:zombie":1,"minecraft:chicken":2,"minecraft:cow":1},"minecraft:crafted":{"minecraft:oak_planks":20,"minecraft:crafting_table":1,"minecraft:wooden_pickaxe":1,"minecraft:cooked_chicken":2,"minecraft:furnace":1,"minecraft:bucket":1,"minecraft:stone_axe":1,"minecraft:cooked_mutton":2,"minecraft:air":0,"minecraft:shield":1,"minecraft:stick":8,"minecraft:iron_ingot":16,"minecraft:stone_pickaxe":1,"minecraft:white_bed":1,"minecraft:torch":20,"minecraft:smoker":1},"minecraft:custom":{"minecraft:interact_with_furnace":11,"minecraft:mob_kills":24,"minecraft:animals_bred":1,"minecraft:interact_with_crafting_table":12,"minecraft:leave_game":1,"minecraft:time_since_death":59629,"minecraft:sleep_in_bed":2,"minecraft:time_since_rest":9912,"minecraft:sprint_one_cm":194397,"minecraft:damage_taken":490,"minecraft:walk_one_cm":160453,"minecraft:damage_blocked_by_shield":123,"minecraft:damage_dealt":1577,"minecraft:swim_one_cm":27214,"minecraft:fly_one_cm":157618,"minecraft:open_chest":7,"minecraft:crouch_one_cm":275,"minecraft:play_time":59629,"minecraft:sneak_time":272,"minecraft:walk_under_water_one_cm":11490,"minecraft:jump":936,"minecraft:walk_on_water_one_cm":20024,"minecraft:total_world_time":59629,"minecraft:interact_with_smoker":6,"minecraft:fall_one_cm":16652},"minecraft:used":{"minecraft:wheat_seeds":35,"minecraft:cooked_mutton":6,"minecraft:stone_pickaxe":117,"minecraft:chest":5,"minecraft:wooden_pickaxe":21,"minecraft:shield":1,"minecraft:cooked_chicken":2,"minecraft:rotten_flesh":1,"minecraft:torch":16,"minecraft:dirt":7,"minecraft:crafting_table":5,"minecraft:white_bed":1,"minecraft:pumpkin_seeds":2,"minecraft:granite":11,"minecraft:smoker":1,"minecraft:milk_bucket":1,"minecraft:oak_log":1,"minecraft:apple":1,"minecraft:lava_bucket":23,"minecraft:stone_axe":54,"minecraft:cobblestone":16,"minecraft:sweet_berries":22,"minecraft:oak_sapling":8,"minecraft:furnace":1,"minecraft:bucket":25,"minecraft:large_fern":1},"minecraft:picked_up":{"minecraft:crafting_table":4,"minecraft:wheat":14,"minecraft:feather":3,"minecraft:cooked_beef":6,"minecraft:chicken":2,"minecraft:salmon":7,"minecraft:leather":2,"minecraft:smoker":1,"minecraft:potato":11,"minecraft:oak_log":15,"minecraft:blue_bed":1,"minecraft:lapis_lazuli":43,"minecraft:dirt":7,"minecraft:raw_copper":3,"minecraft:large_fern":1,"minecraft:cooked_mutton":4,"minecraft:apple":1,"minecraft:wheat_seeds":35,"minecraft:sugar_cane":13,"minecraft:chest":5,"minecraft:furnace":1,"minecraft:stick":8,"minecraft:raw_iron":21,"minecraft:cooked_porkchop":12,"minecraft:sweet_berries":22,"minecraft:spruce_stairs":2,"minecraft:spruce_sapling":9,"minecraft:spruce_log":13,"minecraft:pumpkin_seeds":2,"minecraft:rotten_flesh":3,"minecraft:granite":11,"minecraft:bone_meal":1,"minecraft:bread":10,"minecraft:emerald":3,"minecraft:oak_sapling":9,"minecraft:mutton":6,"minecraft:coal":22,"minecraft:cobblestone":77,"minecraft:white_wool":5},"minecraft:mined":{"minecraft:smoker":1,"minecraft:crafting_table":4,"minecraft:granite":4,"minecraft:short_grass":9,"minecraft:grass_block":1,"minecraft:chest":5,"minecraft:spruce_leaves":5,"minecraft:lapis_ore":8,"minecraft:sugar_cane":5,"minecraft:blue_bed":1,"minecraft:large_fern":1,"minecraft:spruce_stairs":2,"minecraft:furnace":1,"minecraft:iron_ore":21,"minecraft:wheat":14,"minecraft:sweet_berry_bush":1,"minecraft:birch_leaves":1,"minecraft:coal_ore":22,"minecraft:oak_log":15,"minecraft:dirt":6,"minecraft:stone":74,"minecraft:fern":1,"minecraft:oak_leaves":14}},"DataVersion":3839}