{"stats":{"minecraft:custom":{"minecraft:jump":179,"minecraft:open_chest":1,"minecraft:time_since_rest":20194,"minecraft:leave_game":1,"minecraft:walk_on_water_one_cm":6233,"minecraft:sprint_one_cm":26653,"minecraft:play_time":20194,"minecraft:damage_taken":85,"minecraft:time_since_death":20194,"minecraft:walk_one_cm":34054,"minecraft:sneak_time":552,"minecraft:total_world_time":20194,"minecraft:walk_under_water_one_cm":3242,"minecraft:swim_one_cm":8217,"minecraft:drop":3,"minecraft:fall_one_cm":4263,"minecraft:fly_one_cm":100372},"minecraft:dropped":{"minecraft:wheat_seeds":3},"minecraft:picked_up":{"minecraft:wheat_seeds":3}},"DataVersion":3465}