{"stats":{"minecraft:mined":{"minecraft:grass":4},"minecraft:dropped":{"minecraft:rotten_flesh":1},"minecraft:picked_up":{"minecraft:rotten_flesh":1},"minecraft:custom":{"minecraft:jump":591,"minecraft:open_chest":1,"minecraft:time_since_rest":21462,"minecraft:damage_dealt":160,"minecraft:damage_taken":2418,"minecraft:leave_game":3,"minecraft:sprint_one_cm":59502,"minecraft:play_time":76697,"minecraft:walk_one_cm":53849,"minecraft:time_since_death":0,"minecraft:deaths":9,"minecraft:total_world_time":76697,"minecraft:climb_one_cm":323,"minecraft:drop":1,"minecraft:fall_one_cm":20676,"minecraft:fly_one_cm":113604},"minecraft:killed_by":{"minecraft:zombie":5,"minecraft:zombie_villager":3}},"DataVersion":3465}