{
  "minecraft:recipes/decorations/crafting_table": {
    "criteria": {
      "unlock_right_away": "2024-06-23 01:57:26 +0000"
    },
    "done": true
  },
  "minecraft:adventure/adventuring_time": {
    "criteria": {
      "minecraft:sparse_jungle": "2024-06-23 02:13:47 +0000",
      "minecraft:grove": "2024-06-23 02:15:19 +0000",
      "minecraft:forest": "2024-06-23 02:14:48 +0000",
      "minecraft:frozen_peaks": "2024-06-23 02:14:50 +0000",
      "minecraft:old_growth_birch_forest": "2024-06-23 02:14:01 +0000",
      "minecraft:savanna": "2024-06-23 01:57:27 +0000",
      "minecraft:plains": "2024-06-23 02:01:29 +0000"
    },
    "done": false
  },
  "minecraft:adventure/root": {
    "criteria": {
      "killed_by_something": "2024-06-23 01:58:39 +0000"
    },
    "done": true
  },
  "ethrium:enter_friendly_outpost": {
    "criteria": {
      "bastion": "2024-06-23 02:01:31 +0000"
    },
    "done": true
  },
  "nova_structures:adventure/find_all_illager_structures": {
    "criteria": {
      "illager_camp": "2024-06-23 02:02:23 +0000"
    },
    "done": false
  },
  "DataVersion": 3465
}