{
	"level_seeds": [
		{
			"dim": "minecraft:the_end",
			"seed": -6525869005088414921
		},
		{
			"dim": "graveyard:past",
			"seed": -6525869005088414921
		},
		{
			"dim": "minecraft:the_nether",
			"seed": -6525869005088414921
		},
		{
			"dim": "minecraft:overworld",
			"seed": -6525869005088414921
		}
	],
	"structure_seeds": [
		{
			"dim": "minecraft:the_end",
			"seed": -6525869005088414921
		},
		{
			"dim": "graveyard:past",
			"seed": -6525869005088414921
		},
		{
			"dim": "minecraft:the_nether",
			"seed": -6525869005088414921
		},
		{
			"dim": "minecraft:overworld",
			"seed": -6525869005088414921
		}
	]
}