{
	"level_seeds": [
		{
			"dim": "minecraft:overworld",
			"seed": 5231444030336675391
		},
		{
			"dim": "graveyard:past",
			"seed": 5231444030336675391
		},
		{
			"dim": "minecraft:the_nether",
			"seed": 5231444030336675391
		},
		{
			"dim": "minecraft:the_end",
			"seed": 5231444030336675391
		}
	],
	"structure_seeds": [
		{
			"dim": "minecraft:overworld",
			"seed": 5231444030336675391
		},
		{
			"dim": "graveyard:past",
			"seed": 5231444030336675391
		},
		{
			"dim": "minecraft:the_nether",
			"seed": 5231444030336675391
		},
		{
			"dim": "minecraft:the_end",
			"seed": 5231444030336675391
		}
	]
}