{
	"level_seeds": [
		{
			"dim": "minecraft:the_end",
			"seed": 5556792590820185360
		},
		{
			"dim": "minecraft:the_nether",
			"seed": 5556792590820185360
		},
		{
			"dim": "graveyard:past",
			"seed": 5556792590820185360
		},
		{
			"dim": "minecraft:overworld",
			"seed": 5556792590820185360
		}
	],
	"structure_seeds": [
		{
			"dim": "minecraft:the_end",
			"seed": 5556792590820185360
		},
		{
			"dim": "minecraft:the_nether",
			"seed": 5556792590820185360
		},
		{
			"dim": "graveyard:past",
			"seed": 5556792590820185360
		},
		{
			"dim": "minecraft:overworld",
			"seed": 5556792590820185360
		}
	]
}